<?xml version="1.0" encoding="UTF-8"?>
<project-private xmlns="http://www.netbeans.org/ns/project-private/1">
    <editor-bookmarks xmlns="http://www.netbeans.org/ns/editor-bookmarks/2" lastBookmarkId="0"/>
    <open-files xmlns="http://www.netbeans.org/ns/projectui-open-files/2">
        <group>
            <file>file:/C:/Users/minh/my-work/school/HO_SO_DH_CNTT/SEM_2/oop/ooptest/src/ooptest/Triangle.java</file>
            <file>file:/C:/Users/minh/my-work/school/HO_SO_DH_CNTT/SEM_2/oop/ooptest/src/ooptest/Rectangle.java</file>
            <file>file:/C:/Users/minh/my-work/school/HO_SO_DH_CNTT/SEM_2/oop/ooptest/src/ooptest/Geometry.java</file>
            <file>file:/C:/Users/minh/my-work/school/HO_SO_DH_CNTT/SEM_2/oop/ooptest/src/ooptest/Point.java</file>
            <file>file:/C:/Users/minh/my-work/school/HO_SO_DH_CNTT/SEM_2/oop/ooptest/src/ooptest/LineSegment.java</file>
            <file>file:/C:/Users/minh/my-work/school/HO_SO_DH_CNTT/SEM_2/oop/ooptest/src/ooptest/Ooptest.java</file>
            <file>file:/C:/Users/minh/my-work/school/HO_SO_DH_CNTT/SEM_2/oop/ooptest/src/ooptest/Circle.java</file>
        </group>
    </open-files>
</project-private>
